Customer ID,Customer Name,Segment,orders_per_customer,profit_per_customer,profit_rank,cumulative_profit,cumulative_profit_percent,customer_percent
TC-20980,Tamara Chand,Corporate,5,8981.3239,1,8981.3239,2.51140493453128,0.156739811912226
RB-19360,Raymond Buch,Consumer,6,6976.0959,2,15957.4198,4.46209748967045,0.313479623824451
SC-20095,Sanjit Chand,Consumer,9,5757.4119,3,21714.8317,6.07201522749851,0.470219435736677
HL-15040,Hunter Lopez,Consumer,6,5622.4292,4,27337.2609,7.64418839418865,0.626959247648903
AB-10105,Adrian Barton,Consumer,10,5444.8055,5,32782.0664,9.16669348948568,0.783699059561129
TA-21385,Tom Ashbrook,Home Office,4,4703.7883,6,37485.8547,10.4819914655013,0.940438871473354
CM-12385,Christopher Martinez,Consumer,4,3899.8904,7,41385.7451,11.5724992908221,1.09717868338558
KD-16495,Keith Dawkins,Corporate,12,3038.6254,8,44424.3705,12.4221756758094,1.25391849529781
AR-10540,Andy Reiter,Consumer,6,2884.6208,9,47308.9913,13.2287884861293,1.41065830721003
DR-12940,Daniel Raglin,Home Office,8,2869.076,10,50178.0673,14.0310545778739,1.56739811912226
TB-21400,Tom Boeckenhauer,Consumer,7,2798.3689,11,52976.4362,14.8135491791541,1.72413793103448
NM-18445,Nathan Mautz,Home Office,7,2751.6849,12,55728.1211,15.5829897552962,1.88087774294671
SE-20110,Sanjit Engle,Consumer,11,2650.6769,13,58378.798,16.3241859442576,2.03761755485893
BS-11365,Bill Shonely,Corporate,5,2616.0644,14,60994.8624,17.0557036042778,2.19435736677116
HM-14860,Harry Marie,Corporate,10,2437.9836,15,63432.846,17.7374253762035,2.35109717868339
TS-21370,Todd Sumrall,Corporate,6,2371.7144,16,65804.5604,18.4006166065586,2.50783699059561
BM-11650,Brian Moss,Corporate,11,2199.2781,17,68003.8385,19.0155902935388,2.66457680250784
CC-12370,Christopher Conant,Consumer,5,2177.0493,18,70180.8878,19.6243482467776,2.82131661442006
JW-15220,Jane Waco,Corporate,6,2173.7094,19,72354.5972,20.2321722796461,2.97805642633229
HW-14935,Helen Wasserman,Corporate,8,2164.1611,20,74518.7583,20.8373263667469,3.13479623824451
GT-14710,Greg Tran,Consumer,11,2163.4269,21,76682.1852,21.4422751529896,3.29153605015674
LA-16780,Laura Armstrong,Corporate,11,2059.1199,22,78741.3051,22.0180570683542,3.44827586206897
AB-10060,Adam Bellavance,Home Office,8,2054.5885,23,80795.8936,22.5925718898641,3.60501567398119
FH-14365,Fred Hopkins,Corporate,8,2050.2826,24,82846.1762,23.1658826730131,3.76175548589342
PK-19075,Pete Kriz,Consumer,12,2038.2676,25,84884.4438,23.7358337587918,3.91849529780564
SR-20740,Steven Roelle,Home Office,8,1990.4244,26,86874.8682,24.2924066778434,4.07523510971787
SD-20485,Shirley Daniels,Home Office,9,1985.1672,27,88860.0354,24.8475095510345,4.23197492163009
CL-12565,Clay Ludtke,Consumer,12,1933.7831,28,90793.8185,25.3882441324533,4.38871473354232
RM-19675,Robert Marley,Home Office,5,1902.5438,29,92696.3623,25.9202434168218,4.54545454545455
AD-10180,Alan Dominguez,Home Office,8,1869.9294,30,94566.2917,26.4431228914598,4.70219435736677
ME-17320,Maria Etezadi,Home Office,10,1859.4695,31,96425.7612,26.9630775139526,4.858934169279
MC-17425,Mark Cousins,Corporate,5,1802.3903,32,98228.1515,27.4670713509159,5.01567398119122
YS-21880,Yana Sorensen,Corporate,8,1778.2923,33,100006.4438,27.9643267786217,5.17241379310345
KW-16435,Katrina Willman,Consumer,5,1756.135,34,101762.5788,28.4553864657914,5.32915360501567
PS-19045,Penelope Sewall,Home Office,7,1742.7297,35,103505.3085,28.9426976926066,5.4858934169279
DM-13015,Darrin Martin,Consumer,7,1677.3931,36,105182.7016,29.4117391563588,5.64263322884013
MW-18235,Mitch Willingham,Corporate,2,1665.516,37,106848.2176,29.8774594830627,5.79937304075235
KF-16285,Karen Ferguson,Home Office,7,1660.1386,38,108508.3562,30.3416761529509,5.95611285266458
DR-12880,Dan Reichenbach,Corporate,9,1641.8613,39,110150.2175,30.8007820282703,6.1128526645768
JE-15610,Jim Epp,Corporate,7,1623.4019,40,111773.6194,31.2547261892628,6.26959247648903
JD-16150,Justin Deggeller,Corporate,8,1619.5199,41,113393.1393,31.7075848450375,6.42633228840125
VD-21670,Valerie Dominguez,Consumer,6,1617.7874,42,115010.9267,32.1599590500679,6.58307210031348
RW-19540,Rick Wilson,Corporate,7,1586.6273,43,116597.554,32.6036201043677,6.73981191222571
JM-15865,John Murray,Consumer,7,1574.6164,44,118172.1704,33.0439226077607,6.89655172413793
CM-12655,Corinna Mitchell,Home Office,6,1572.4585,45,119744.6289,33.4836217078283,7.05329153605016
DP-13390,Dennis Pardue,Home Office,9,1571.8318,46,121316.4607,33.9231455667522,7.21003134796238
BF-11170,Ben Ferrer,Home Office,11,1538.2127,47,122854.6734,34.3532686764575,7.36677115987461
PP-18955,Paul Prost,Home Office,10,1495.0854,48,124349.7588,34.7713323041489,7.52351097178683
BE-11335,Bill Eplett,Home Office,5,1487.7739,49,125837.5327,35.1873514518301,7.68025078369906
GK-14620,Grace Kelly,Corporate,9,1448.5525,50,127286.0852,35.5924033057587,7.83699059561128
JG-15160,James Galang,Consumer,11,1415.6664,51,128701.7516,35.9882593757764,7.99373040752351
EH-13765,Edward Hooks,Corporate,12,1393.5154,52,130095.267,36.377921466897,8.15047021943574
AC-10450,Amy Cox,Consumer,7,1366.0098,53,131461.2768,36.7598922977606,8.30721003134796
DW-13480,Dianna Wilson,Home Office,5,1348.7556,54,132810.0324,37.1370384186478,8.46394984326019
EM-14140,Eugene Moren,Home Office,6,1319.3655,55,134129.3979,37.5059663254957,8.62068965517241
DM-13345,Denise Monton,Corporate,8,1319.0586,56,135448.4565,37.8748084153547,8.77742946708464
NC-18535,Nick Crebassa,Corporate,7,1314.758,57,136763.2145,38.2424479488665,8.93416927899687
AH-10210,Alan Hwang,Consumer,9,1308.5546,58,138071.7691,38.6083528551068,9.09090909090909
YC-21895,Yoseph Carroll,Corporate,5,1305.629,59,139377.3981,38.9734396897178,9.24764890282132
AH-10690,Anna H�berlin,Corporate,12,1298.0166,60,140675.4147,39.3363979050811,9.40438871473354
RA-19885,Ruben Ausman,Corporate,7,1292.8656,61,141968.2803,39.6979157707852,9.56112852664577
PW-19240,Pierre Wener,Consumer,7,1290.354,62,143258.6343,40.0587313297133,9.71786833855799
RH-19510,Rick Huthwaite,Home Office,6,1289.4535,63,144548.0878,40.4192950861043,9.87460815047022
LC-16885,Lena Creighton,Consumer,12,1288.3469,64,145836.4347,40.7795494091945,10.0313479623824
SC-20725,Steven Cartwright,Consumer,11,1276.6513,65,147113.086,41.136533347219,10.1880877742947
JE-15715,Joe Elijah,Consumer,10,1262.2926,66,148375.3786,41.4895022301765,10.3448275862069
MA-17560,Matt Abelman,Home Office,11,1240.2266,67,149615.6052,41.836300902383,10.5015673981191
MW-18220,Mitch Webber,Consumer,7,1238.422,68,150854.0272,42.1825949628647,10.6583072100313
KH-16690,Kristen Hastings,Corporate,7,1227.5091,69,152081.5363,42.5258375009634,10.8150470219436
JK-15205,Jamie Kunitz,Consumer,5,1219.983,70,153301.5193,42.8669755514733,10.9717868338558
FC-14245,Frank Carlisle,Home Office,7,1217.1662,71,154518.6855,43.207325953581,11.128526645768
NP-18325,Naresj Patel,Consumer,6,1208.889,72,155727.5745,43.5453618415753,11.2852664576803
RS-19765,Roland Schwarz,Corporate,8,1206.3851,73,156933.9596,43.8826975759078,11.4420062695925
QJ-19255,Quincy Jones,Corporate,9,1203.6768,74,158137.6364,44.2192760011777,11.5987460815047
SV-20365,Seth Vernon,Consumer,10,1199.4242,75,159337.0606,44.5546652921125,11.7554858934169
HR-14830,Harold Ryan,Corporate,7,1196.9504,76,160534.011,44.8893628461055,11.9122257053292
DH-13075,Dave Hallsten,Corporate,6,1193.7404,77,161727.7514,45.2231628030483,12.0689655172414
GH-14425,Gary Hwang,Consumer,4,1176.4181,78,162904.1695,45.5521190075352,12.2257053291536
JK-15640,Jim Kriz,Home Office,9,1172.5303,79,164076.6998,45.879988084978,12.3824451410658
AJ-10795,Anthony Johnson,Corporate,7,1158.7064,80,165235.4062,46.203991650937,12.5391849529781
PO-19180,Philisse Overcash,Home Office,9,1155.4331,81,166390.8393,46.5270799195675,12.6959247648903
CA-11965,Carol Adams,Corporate,6,1143.3817,82,167534.221,46.8467983124687,12.8526645768025
BD-11500,Bradley Drucker,Consumer,6,1142.1225,83,168676.3435,47.1661646012559,13.0094043887147
GB-14575,Giulietta Baptist,Consumer,5,1135.8393,84,169812.1828,47.4837739486768,13.166144200627
TP-21130,Theone Pippenger,Consumer,9,1129.1261,85,170941.3089,47.7995061158741,13.3228840125392
TT-21460,Tonja Turnell,Home Office,7,1124.4999,86,172065.8088,48.1139446807431,13.4796238244514
IL-15100,Ivan Liston,Consumer,7,1121.937,87,173187.7458,48.4276665940608,13.6363636363636
KD-16270,Karen Daniels,Consumer,5,1107.6952,88,174295.441,48.737406140503,13.7931034482759
BD-11320,Bill Donatelli,Consumer,12,1094.5037,89,175389.9447,49.0434570104691,13.9498432601881
GZ-14470,Gary Zandusky,Consumer,9,1087.7539,90,176477.6986,49.3476204659276,14.1065830721003
AM-10705,Anne McFarland,Consumer,8,1085.7326,91,177563.4312,49.6512187148696,14.2633228840125
FH-14275,Frank Hawley,Corporate,10,1073.2676,92,178636.6988,49.9513314350793,14.4200626959248
JF-15565,Jill Fjeld,Consumer,8,1073.2088,93,179709.9076,50.2514277133242,14.576802507837
MJ-17740,Max Jones,Consumer,7,1054.5529,94,180764.4605,50.5463073308808,14.7335423197492
JD-15895,Jonathan Doherty,Corporate,11,1050.2668,95,181814.7273,50.8399884466565,14.8902821316614
CB-12535,Claudia Bergmann,Corporate,8,1049.5601,96,182864.2874,51.1334719512684,15.0470219435737
NW-18400,Natalie Webber,Consumer,7,1023.123,97,183887.4104,51.4195629752023,15.2037617554859
BB-11545,Brenda Bowman,Corporate,9,1015.075,98,184902.4854,51.7034035751298,15.3605015673981
SC-20050,Sample Company A,Home Office,9,1011.7443,99,185914.2297,51.9863128272395,15.5172413793103
ES-14020,Erica Smith,Consumer,5,1003.2935,100,186917.5232,52.2668590222924,15.6739811912226
IM-15055,Ionia McGrath,Consumer,3,975.7701,101,187893.2933,52.5397089797589,15.8307210031348
AT-10735,Annie Thurman,Consumer,10,974.107,102,188867.4003,52.8120938924734,15.987460815047
KM-16375,Katherine Murray,Home Office,8,973.7902,103,189841.1905,53.0843902199088,16.1442006269592
HK-14890,Heather Kirkland,Corporate,8,956.9451,104,190798.1356,53.3519762320574,16.3009404388715
DK-12895,Dana Kaydos,Consumer,5,937.6496,105,191735.7852,53.6141667352082,16.4576802507837
BW-11110,Bart Watters,Corporate,8,921.2574,106,192657.0426,53.8717735653475,16.6144200626959
SB-20185,Sarah Brown,Consumer,6,885.4624,107,193542.505,54.1193712096883,16.7711598746082
DK-12835,Damala Kotsonis,Corporate,12,881.1228,108,194423.6278,54.3657553922973,16.9278996865204
AI-10855,Arianne Irving,Consumer,10,867.7271,109,195291.3549,54.6083937989543,17.0846394984326
TS-21205,Thomas Seio,Corporate,7,862.8877,110,196154.2426,54.8496789871799,17.2413793103448
CJ-12010,Caroline Jumper,Consumer,8,858.7414,111,197012.984,55.0898047652343,17.3981191222571
AA-10645,Anna Andreadi,Consumer,6,857.8033,112,197870.7873,55.3296682268424,17.5548589341693
CC-12685,Craig Carroll,Consumer,4,850.1591,113,198720.9464,55.5673941771198,17.7115987460815
KC-16255,Karen Carlisle,Corporate,6,846.1217,114,199567.0681,55.8039911684157,17.8683385579937
MS-17365,Maribeth Schnelling,Consumer,10,844.9355,115,200412.0036,56.0402564682409,18.025078369906
DB-13270,Deborah Brumfield,Home Office,8,841.8264,116,201253.83,56.2756523852035,18.1818181818182
GA-14515,George Ashbrook,Consumer,8,840.899,117,202094.729,56.5107889777099,18.3385579937304
LW-17215,Luke Weiss,Consumer,7,837.2411,118,202931.9701,56.7449027290169,18.4952978056426
RD-19660,Robert Dilbeck,Home Office,5,835.772,119,203767.7421,56.9786056828702,18.6520376175549
CS-12355,Christine Sundaresam,Consumer,11,831.9432,120,204599.6853,57.211238007569,18.8087774294671
TB-21175,Thomas Boland,Corporate,4,829.1635,121,205428.8488,57.4430930579623,18.9655172413793
GZ-14545,George Zrebassa,Corporate,4,828.661,122,206257.5098,57.6748075966678,19.1222570532915
KL-16645,Ken Lonsdale,Consumer,12,806.855,123,207064.3648,57.9004246271873,19.2789968652038
HG-15025,Hunter Glantz,Consumer,7,804.6113,124,207868.9761,58.1254142625349,19.435736677116
PW-19030,Pauline Webber,Corporate,10,803.8169,125,208672.793,58.3501817635844,19.5924764890282
BH-11710,Brosina Hoffman,Consumer,8,802.7898,126,209475.5828,58.5746620615404,19.7492163009404
SW-20455,Shaun Weien,Consumer,7,793.6548,127,210269.2376,58.7965879828441,19.9059561128527
GM-14455,Gary Mitchum,Home Office,6,793.2814,128,211062.519,59.0184094920797,20.0626959247649
JE-16165,Justin Ellison,Corporate,3,789.6476,129,211852.1666,59.2392148990845,20.2194357366771
NM-18520,Neoma Murray,Consumer,10,788.9525,130,212641.1191,59.4598259385784,20.3761755485893
MZ-17515,Mary Zewe,Corporate,6,787.7503,131,213428.8694,59.6801008125977,20.5329153605016
JL-15850,John Lucas,Consumer,6,779.9046,132,214208.774,59.8981818307985,20.6896551724138
KB-16240,Karen Bern,Corporate,7,763.9076,133,214972.6816,60.1117896838864,20.846394984326
SU-20665,Stephanie Ulpright,Home Office,7,763.4719,134,215736.1535,60.3252757042532,21.0031347962382
NH-18610,Nicole Hansen,Corporate,7,760.1666,135,216496.3201,60.5378374792835,21.1598746081505
JP-15520,Jeremy Pistek,Consumer,7,757.1802,136,217253.5003,60.7495641814692,21.3166144200627
BE-11410,Bobby Elias,Consumer,5,755.9151,137,218009.4154,60.9609371297521,21.4733542319749
JM-16195,Justin MacKendrick,Consumer,10,754.1144,138,218763.5298,61.1718065568486,21.6300940438871
TT-21070,Ted Trevino,Consumer,7,751.9567,139,219515.4865,61.3820726365447,21.7868338557994
JK-15625,Jim Karlsson,Consumer,7,750.9485,140,220266.435,61.5920567980645,21.9435736677116
KM-16720,Kunst Miller,Consumer,8,745.7685,141,221012.2035,61.8005925007929,22.1003134796238
CS-12250,Chris Selesnick,Corporate,12,738.3626,142,221750.5661,62.0070573268876,22.257053291536
TW-21025,Tamara Willingham,Home Office,7,737.3905,143,222487.9566,62.2132503292774,22.4137931034483
RD-19585,Rob Dowd,Consumer,10,734.5158,144,223222.4724,62.4186394929631,22.5705329153605
AG-10270,Alejandro Grove,Consumer,5,732.7399,145,223955.2123,62.6235320701685,22.7272727272727
DJ-13630,Doug Jacobs,Consumer,3,731.5644,146,224686.7767,62.8280959478934,22.884012539185
KH-16630,Ken Heidel,Corporate,9,727.3786,147,225414.1553,63.0314893702499,23.0407523510972
RR-19525,Rick Reed,Corporate,6,721.6826,148,226135.8379,63.2332900471863,23.1974921630094
AS-10225,Alan Schoenberger,Corporate,5,719.7751,149,226855.613,63.4345573389597,23.3542319749216
WB-21850,William Brown,Consumer,11,714.3311,150,227569.9441,63.6343023508759,23.5109717868339
FC-14335,Fred Chung,Corporate,7,714.2926,151,228284.2367,63.8340365972201,23.6677115987461
RF-19735,Roland Fjeld,Consumer,7,711.6168,152,228995.8535,64.0330226223222,23.8244514106583
KC-16540,Kelly Collister,Consumer,4,709.4219,153,229705.2754,64.2313948979646,23.9811912225705
RW-19690,Robert Waldorf,Consumer,5,707.5503,154,230412.8257,64.4292438269904,24.1379310344828
FH-14350,Fred Harton,Consumer,4,706.289,155,231119.1147,64.6267400646893,24.294670846395
RW-19630,Rob Williams,Corporate,9,698.8325,156,231817.9472,64.8221512767168,24.4514106583072
MC-17845,Michael Chen,Consumer,7,698.4174,157,232516.3646,65.0174464163034,24.6081504702194
ML-17395,Marina Lichtenstein,Corporate,9,684.9162,158,233201.2808,65.2089662794742,24.7648902821317
JG-15115,Jack Garza,Consumer,3,684.1911,159,233885.4719,65.4002833863767,24.9216300940439
PJ-19015,Pauline Johnson,Consumer,7,682.9979,160,234568.4698,65.5912668444317,25.0783699059561
EM-13825,Elizabeth Moffitt,Corporate,8,682.5542,161,235251.024,65.7821262327637,25.2351097178683
TG-21310,Toby Gnade,Consumer,5,682.1704,162,235933.1944,65.9728783009249,25.3918495297806
SC-20260,Scott Cohen,Corporate,8,671.0034,163,236604.1978,66.1605077939273,25.5485893416928
ED-13885,Emily Ducich,Home Office,8,670.4435,164,237274.6413,66.3479807247526,25.705329153605
LW-16990,Lindsay Williams,Corporate,6,662.8339,165,237937.4752,66.5333258192809,25.8620689655172
EB-13840,Ellis Ballard,Corporate,5,656.1988,166,238593.674,66.7168155723176,26.0188087774295
KH-16510,Keith Herrera,Consumer,7,656.1162,167,239249.7902,66.9002822283087,26.1755485893417
BP-11155,Becky Pak,Consumer,6,647.3847,168,239897.1749,67.0813073364356,26.3322884012539
RB-19465,Rick Bensley,Home Office,12,640.5466,169,240537.7215,67.2604203391453,26.4890282131661
MP-17965,Michael Paige,Corporate,9,638.1563,170,241175.8778,67.4388649536216,26.6457680250784
JF-15415,Jennifer Ferguson,Consumer,6,635.6376,171,241811.5154,67.6166052759825,26.8025078369906
KM-16225,Kalyca Meade,Corporate,6,635.1057,172,242446.6211,67.7941968656733,26.9592476489028
BD-11605,Brian Dahlen,Consumer,7,634.8463,173,243081.4674,67.9717159205744,27.115987460815
RF-19345,Randy Ferguson,Corporate,8,633.7072,174,243715.1746,68.1489164543541,27.2727272727273
RS-19420,Ricardo Sperren,Corporate,5,633.4514,175,244348.626,68.3260454599949,27.4294670846395
NP-18700,Nora Preis,Consumer,7,631.2282,176,244979.8542,68.5025528027816,27.5862068965517
XP-21865,Xylona Preis,Consumer,11,621.23,177,245601.0842,68.6762643964008,27.742946708464
SC-20695,Steve Chapman,Corporate,10,611.8291,178,246212.9133,68.8473472610138,27.8996865203762
SA-20830,Sue Ann Reed,Consumer,10,610.1496,179,246823.0629,69.0179604950207,28.0564263322884
TC-21295,Toby Carlisle,Consumer,8,606.3727,180,247429.4356,69.1875176124235,28.2131661442006
MP-17470,Mark Packer,Home Office,7,600.2873,181,248029.7229,69.3553730983343,28.3699059561129
RP-19855,Roy Phan,Corporate,8,594.5868,182,248624.3097,69.5216345805115,28.5266457680251
JL-15505,Jeremy Lonsdale,Consumer,6,591.7163,183,249216.026,69.6870933984105,28.6833855799373
PF-19225,Phillip Flathmann,Consumer,5,591.3118,184,249807.3378,69.8524391078962,28.8401253918495
JK-16090,Juliana Krohn,Consumer,3,586.6625,185,250394.0003,70.0164847557104,28.9968652037618
SM-20950,Suzanne McNair,Corporate,12,581.5742,186,250975.5745,70.1791075863686,29.153605015674
JO-15145,Jack O'Briant,Corporate,9,581.4045,187,251556.979,70.341682964622,29.3103448275862
NC-18340,Nat Carroll,Consumer,5,580.3075,188,252137.2865,70.5039515939769,29.4670846394984
KB-16585,Ken Black,Corporate,12,579.3551,189,252716.6416,70.6659539082444,29.6238244514107
AP-10915,Arthur Prichep,Consumer,10,579.3113,190,253295.9529,70.827943974926,29.7805642633229
JF-15190,Jamie Frazer,Consumer,7,575.1259,191,253871.0788,70.9887636980891,29.9373040752351
TM-21010,Tamara Manning,Consumer,8,573.3013,192,254444.3801,71.1490732170224,30.0940438871473
SG-20080,Sandra Glassco,Consumer,3,570.438,193,255014.8181,71.3085820849794,30.2507836990596
SP-20860,Sung Pak,Corporate,10,566.7226,194,255581.5407,71.4670520332852,30.4075235109718
JS-15880,John Stevenson,Consumer,5,564.9798,195,256146.5205,71.6250346507065,30.564263322884
RH-19495,Rick Hansen,Consumer,5,563.7877,196,256710.3082,71.7826839268681,30.7210031347962
DP-13105,Dave Poirier,Corporate,8,563.1761,197,257273.4843,71.9401621842273,30.8777429467085
DG-13300,Deirdre Greer,Corporate,5,562.7761,198,257836.2604,72.0975285914867,31.0344827586207
LL-16840,Lauren Leatherbury,Consumer,6,560.0078,199,258396.2682,72.2541209121685,31.1912225705329
SH-19975,Sally Hughsby,Corporate,13,558.474,200,258954.7422,72.410284343643,31.3479623824451
LD-17005,Lisa DeCherney,Consumer,4,557.1714,201,259511.9136,72.5660835352677,31.5047021943574
RA-19285,Ralph Arnett,Consumer,9,546.0882,202,260058.0018,72.7187835843294,31.6614420062696
DN-13690,Duane Noonan,Consumer,7,540.5405,203,260598.5423,72.8699323563956,31.8181818181818
SF-20965,Sylvia Foulston,Corporate,9,539.9352,204,261138.4775,73.0209118712985,31.974921630094
KD-16615,Ken Dana,Corporate,5,539.7219,205,261678.1994,73.1718317421356,32.1316614420063
DK-13090,Dave Kipp,Consumer,7,536.3935,206,262214.5929,73.321820908293,32.2884012539185
LR-16915,Lena Radford,Consumer,6,535.4764,207,262750.0693,73.4715536301343,32.4451410658307
KH-16360,Katherine Hughes,Consumer,6,528.2051,208,263278.2744,73.6192531129003,32.6018808777429
SL-20155,Sara Luxemburg,Home Office,7,527.9715,209,263806.2459,73.7668872752082,32.7586206896552
PM-19135,Peter McVee,Home Office,4,526.7537,210,264332.9996,73.9141809098874,32.9153605015674
LH-16900,Lena Hernandez,Consumer,9,526.0727,211,264859.0723,74.0612841197719,33.0721003134796
BF-11215,Benjamin Farhat,Home Office,4,523.2133,212,265382.2856,74.2075877692185,33.2288401253918
AJ-10945,Ashley Jarboe,Consumer,7,521.1352,213,265903.4208,74.3533103294346,33.3855799373041
FA-14230,Frank Atkinson,Corporate,7,520.5229,214,266423.9437,74.4988616751106,33.5423197492163
IM-15070,Irene Maddox,Consumer,7,514.6527,215,266938.5964,74.6427715646481,33.6990595611285
NP-18670,Nora Paige,Consumer,5,514.6002,216,267453.1966,74.7866667738601,33.8557993730408
NP-18685,Nora Pelletier,Home Office,6,514.5017,217,267967.6983,74.930534439985,34.012539184953
VM-21685,Valerie Mitchum,Home Office,7,513.5269,218,268481.2252,75.0741295274169,34.1692789968652
MT-17815,Meg Tillman,Consumer,6,509.0068,219,268990.232,75.2164606807594,34.3260188087774
JC-15385,Jenna Caffey,Consumer,1,502.9244,220,269493.1564,75.3570910414856,34.4827586206897
JM-15265,Janet Molinari,Corporate,5,502.6143,221,269995.7707,75.4976346904221,34.6394984326019
CK-12595,Clytie Kelty,Consumer,11,497.7098,222,270493.4805,75.6368069173233,34.7962382445141
EN-13780,Edward Nazzal,Consumer,4,496.1131,223,270989.5936,75.7755326665891,34.9529780564263
AR-10825,Anthony Rawles,Corporate,8,494.8352,224,271484.4288,75.9139010827487,35.1097178683386
CV-12295,Christina VanderZanden,Consumer,5,493.0861,225,271977.5149,76.0517804063848,35.2664576802508
TB-21280,Toby Braunhardt,Consumer,6,490.9567,226,272468.4716,76.1890642960151,35.423197492163
RL-19615,Rob Lucas,Consumer,8,488.1484,227,272956.62,76.3255629140577,35.5799373040752
SV-20785,Stewart Visinsky,Consumer,9,485.0272,228,273441.6472,76.4611887657723,35.7366771159875
MH-17455,Mark Hamilton,Consumer,8,484.7733,229,273926.4205,76.5967436206361,35.8934169278997
DJ-13420,Denny Joy,Corporate,4,483.035,230,274409.4555,76.731812402929,36.0501567398119
SN-20710,Steve Nguyen,Home Office,7,481.7499,231,274891.2054,76.866521838814,36.2068965517241
RD-19480,Rick Duston,Consumer,8,480.594,232,275371.7994,77.0009080558734,36.3636363636364
RB-19435,Richard Bierner,Consumer,8,477.2399,233,275849.0393,77.1343563818842,36.5203761755486
MH-18025,Michelle Huthwaite,Consumer,5,476.9032,234,276325.9425,77.2677105580735,36.6771159874608
DB-13060,Dave Brooks,Consumer,7,473.0272,235,276798.9697,77.3999809067965,36.833855799373
RP-19390,Resi P�lking,Consumer,12,465.2503,236,277264.22,77.5300766379183,36.9905956112853
DE-13255,Deanra Eno,Home Office,5,464.4714,237,277728.6914,77.6599545689334,37.1473354231975
SG-20605,Speros Goranitis,Consumer,6,463.269,238,278191.9604,77.7894962785488,37.3040752351097
MC-17275,Marc Crier,Consumer,8,461.0014,239,278652.9618,77.9184039099489,37.4608150470219
MF-18250,Monica Federle,Corporate,5,456.8608,240,279109.8226,78.0461537250417,37.6175548589342
RD-19900,Ruben Dartt,Consumer,9,455.5292,241,279565.3518,78.1735311911526,37.7742946708464
KH-16330,Katharine Harms,Corporate,8,454.7871,242,280020.1389,78.300701147366,37.9310344827586
JR-16210,Justin Ritter,Corporate,5,452.373,243,280472.5119,78.427196060265,38.0877742946708
EJ-14155,Eva Jacobs,Consumer,5,451.8755,244,280924.3874,78.5535518596025,38.2445141065831
BT-11680,Brian Thompson,Consumer,7,447.7484,245,281372.1358,78.6787536175737,38.4012539184953
ND-18460,Neil Ducich,Corporate,6,443.3368,246,281815.4726,78.8027217807951,38.5579937304075
PJ-18835,Patrick Jones,Corporate,8,442.1355,247,282257.6081,78.9263540302045,38.7147335423197
GM-14500,Gene McClure,Consumer,10,441.3185,248,282698.9266,79.0497578257852,38.871473354232
SC-20230,Scot Coram,Corporate,4,440.141,249,283139.0676,79.1728323626349,39.0282131661442
DB-13405,Denny Blanton,Consumer,4,438.9092,250,283577.9768,79.2955624571025,39.1849529780564
DB-13615,Doug Bickford,Consumer,7,438.8012,251,284016.778,79.4182623520432,39.3416927899687
PO-18865,Patrick O'Donnell,Consumer,7,437.8533,252,284454.6313,79.5406971902101,39.4984326018809
AA-10480,Andrew Allen,Consumer,4,435.8274,253,284890.4587,79.6625655355844,39.6551724137931
PV-18985,Paul Van Hugh,Home Office,5,434.5284,254,285324.9871,79.7840706477599,39.8119122257053
BP-11095,Bart Pistole,Corporate,12,433.9751,255,285758.9622,79.905421043285,39.9686520376176
DB-12910,Daniel Byrd,Home Office,8,431.3748,256,286190.337,80.0260443292743,40.1253918495298
JP-15460,Jennifer Patt,Corporate,7,429.7465,257,286620.0835,80.1462123014702,40.282131661442
CP-12085,Cathy Prescott,Corporate,8,427.0258,258,287047.1093,80.2656194972504,40.4388714733542
CD-11920,Carlos Daly,Consumer,5,426.661,259,287473.7703,80.3849246857395,40.5956112852665
CC-12430,Chuck Clark,Home Office,10,424.6583,260,287898.4286,80.503669868742,40.7523510971787
BT-11305,Beth Thompson,Home Office,5,417.5918,261,288316.0204,80.6204390799203,40.9090909090909
ML-17755,Max Ludwig,Home Office,7,409.5112,262,288725.5316,80.7349487513091,41.0658307210031
BT-11530,Bradley Talbott,Home Office,5,409.4983,263,289135.0299,80.8494548155323,41.2225705329154
CM-12115,Chad McGuire,Consumer,4,409.0679,264,289544.0978,80.9638405290481,41.3793103448276
FP-14320,Frank Preis,Consumer,8,406.4473,265,289950.5451,81.0774934566356,41.5360501567398
CD-12790,Cynthia Delaney,Home Office,5,403.8422,266,290354.3873,81.1904179324863,41.692789968652
NZ-18565,Nick Zandusky,Home Office,9,402.4236,267,290756.8109,81.3029457319582,41.8495297805643
KE-16420,Katrina Edelman,Corporate,8,397.8799,268,291154.6908,81.4142029981849,42.0062695924765
FG-14260,Frank Gastineau,Home Office,7,394.7397,269,291549.4305,81.5245821852038,42.1630094043887
CC-12220,Chris Cortes,Consumer,12,393.9618,270,291943.3923,81.6347438517413,42.3197492163009
CC-12145,Charles Crestani,Consumer,7,392.2825,271,292335.6748,81.7444359435976,42.4764890282132
RM-19375,Raymond Messe,Consumer,6,392.1499,272,292727.8247,81.8540909571459,42.6332288401254
TB-21055,Ted Butterfield,Consumer,5,390.2113,273,293118.036,81.9632038891859,42.7899686520376
NF-18595,Nicole Fjeld,Home Office,7,388.2131,274,293506.2491,82.0717580740528,42.9467084639498
EJ-13720,Ed Jacobs,Consumer,4,387.0176,275,293893.2667,82.1799779669341,43.1034482758621
BS-11590,Brendan Sweed,Corporate,6,381.7807,276,294275.0474,82.2867334903474,43.2601880877743
TB-21625,Trudy Brown,Consumer,9,379.882,277,294654.9294,82.3929580892998,43.4169278996865
SC-20440,Shaun Chance,Corporate,7,379.5611,278,295034.4905,82.4990929565098,43.5736677115987
DK-13375,Dennis Kane,Consumer,8,377.0799,279,295411.5704,82.6045340175512,43.730407523511
HP-14815,Harold Pawlan,Home Office,7,373.8637,280,295785.4341,82.7090757478658,43.8871473354232
VB-21745,Victoria Brennan,Corporate,6,371.2398,281,296156.6739,82.8128837694888,44.0438871473354
CW-11905,Carl Weiss,Home Office,6,370.8298,282,296527.5037,82.9165771447596,44.2006269592476
SC-20680,Steve Carroll,Home Office,6,370.1578,283,296897.6615,83.0200826118629,44.3573667711599
SZ-20035,Sam Zeldin,Home Office,11,366.4303,284,297264.0918,83.1225457758494,44.5141065830721
TG-21640,Trudy Glocke,Consumer,4,365.7205,285,297629.8123,83.224810461834,44.6708463949843
AH-10030,Aaron Hawkins,Corporate,7,365.2152,286,297995.0275,83.3269338531801,44.8275862068966
CM-12235,Chris McAfee,Consumer,5,365.0387,287,298360.0662,83.4290078906697,44.9843260188088
BP-11185,Ben Peterman,Corporate,9,363.5991,288,298723.6653,83.5306793796504,45.141065830721
GR-14560,Georgia Rosenberg,Corporate,2,359.8332,289,299083.4985,83.6312978279048,45.2978056426332
JM-15535,Jessica Myrick,Consumer,7,356.5395,290,299440.038,83.7309952744756,45.4545454545455
AS-10285,Alejandro Savely,Corporate,6,354.6276,291,299794.6656,83.8301581055323,45.6112852664577
ND-18370,Natalie DeCherney,Consumer,9,353.6455,292,300148.3111,83.9290463166316,45.7680250783699
DV-13465,Dianna Vittorini,Consumer,6,353.2127,293,300501.5238,84.0278135059231,45.9247648902821
LS-17245,Lynn Smith,Consumer,6,348.3584,294,300849.8822,84.1252233103669,46.0815047021944
GM-14440,Gary McGarr,Consumer,7,347.266,295,301197.1482,84.2223276521884,46.2382445141066
DJ-13510,Don Jones,Corporate,8,345.2521,296,301542.4003,84.3188688567203,46.3949843260188
AG-10900,Arthur Gainer,Consumer,10,343.6824,297,301886.0827,84.4149711334984,46.551724137931
NL-18310,Nancy Lomonaco,Home Office,4,343.6381,298,302229.7208,84.5110610228779,46.7084639498433
MG-17650,Matthew Grinstein,Home Office,7,341.898,299,302571.6188,84.6066643363612,46.8652037617555
BN-11515,Bradley Nguyen,Consumer,5,340.7054,300,302912.3242,84.7019341687721,47.0219435736677
LP-17095,Liz Preis,Consumer,7,338.4454,301,303250.7696,84.7965720481197,47.1786833855799
PG-18895,Paul Gonzalez,Consumer,9,334.5163,302,303585.2859,84.8901112519002,47.3354231974922
BD-11725,Bruce Degenhardt,Consumer,6,333.9791,303,303919.265,84.9835002409968,47.4921630094044
Dp-13240,Dean percer,Home Office,11,333.3648,304,304252.6298,85.0767174563028,47.6489028213166
SW-20275,Scott Williamson,Consumer,6,332.8725,305,304585.5023,85.1697970120986,47.8056426332288
SS-20140,Saphhira Shifley,Corporate,8,332.3487,306,304917.851,85.2627301001887,47.9623824451411
CC-12610,Corey Catlett,Corporate,7,331.434,307,305249.285,85.3554074150634,48.1191222570533
JK-15370,Jay Kimmel,Consumer,8,330.2838,308,305579.5688,85.4477631049763,48.2758620689655
JF-15355,Jay Fein,Consumer,6,330.199,309,305909.7678,85.540095082668,48.4326018808777
KN-16705,Kristina Nunn,Home Office,8,329.7625,310,306239.5303,85.6323050039385,48.58934169279
KD-16345,Katherine Ducich,Consumer,6,328.5942,311,306568.1245,85.7241882390302,48.7460815047022
CL-11890,Carl Ludwig,Consumer,4,328.0847,312,306896.2092,85.8159290050574,48.9028213166144
DL-12865,Dan Lawera,Consumer,8,322.2449,313,307218.4541,85.9060368155537,49.0595611285266
LT-17110,Liz Thompson,Consumer,8,320.973,314,307539.4271,85.9957889706955,49.2163009404389
IG-15085,Ivan Gibson,Consumer,4,320.4982,315,307859.9253,86.0854083597689,49.3730407523511
MY-17380,Maribeth Yedwab,Corporate,7,319.1211,316,308179.0464,86.1746426769115,49.5297805642633
RD-19810,Ross DeVincentis,Home Office,8,318.4625,317,308497.5089,86.2636928328649,49.6865203761756
AF-10870,Art Ferguson,Consumer,7,317.9712,318,308815.4801,86.3526056089334,49.8432601880878
LH-17155,Logan Haushalter,Consumer,9,316.5202,319,309132.0003,86.4411126487651,50.0
BV-11245,Benjamin Venier,Corporate,5,315.2214,320,309447.2217,86.529256511323,50.1567398119122
AB-10150,Aimee Bixby,Consumer,5,313.6597,321,309760.8814,86.6169636831291,50.3134796238244
NG-18355,Nat Gilpin,Corporate,5,313.6335,322,310074.5149,86.7046635287537,50.4702194357367
JP-16135,Julie Prescott,Home Office,9,309.7116,323,310384.2265,86.7912667121131,50.6269592476489
CR-12730,Craig Reiter,Consumer,4,306.9176,324,310691.1441,86.8770886225259,50.7836990595611
RA-19915,Russell Applegate,Consumer,9,304.8673,325,310996.0114,86.9623372172901,50.9404388714734
BF-11020,Barry Franz�sisch,Corporate,8,302.02,326,311298.0314,87.046789635082,51.0971786833856
LC-16960,Lindsay Castell,Home Office,4,299.4802,327,311597.5116,87.1305318606658,51.2539184952978
AC-10615,Ann Chong,Corporate,5,298.8273,328,311896.3389,87.2140915189242,51.41065830721
AG-10495,Andrew Gjertsen,Corporate,8,295.6668,329,312192.0057,87.2967674215823,51.5673981191223
DO-13645,Doug O'Connell,Consumer,7,294.0676,330,312486.0733,87.3789961475417,51.7241379310345
KB-16600,Ken Brennan,Corporate,7,293.5524,331,312779.6257,87.4610808105727,51.8808777429467
TM-21490,Tony Molinari,Consumer,3,292.521,332,313072.1467,87.5428770681215,52.0376175548589
DB-13360,Dennis Bolton,Home Office,5,291.0085,333,313363.1552,87.6242503924808,52.1943573667712
MN-17935,Michael Nguyen,Consumer,6,290.8227,334,313653.9779,87.7055717624688,52.3510971786834
MC-17590,Matt Collister,Corporate,6,288.9841,335,313942.962,87.7863790134734,52.5078369905956
DL-13315,Delfina Latchford,Consumer,8,288.8732,336,314231.8352,87.8671552540379,52.6645768025078
LC-16930,Linda Cazamias,Corporate,8,288.266,337,314520.1012,87.947761706151,52.8213166144201
SF-20200,Sarah Foster,Consumer,9,286.9046,338,314807.0058,88.0279874764497,52.9780564263323
AP-10720,Anne Pryor,Home Office,8,285.7888,339,315092.7946,88.1079012408952,53.1347962382445
EB-14170,Evan Bailliet,Consumer,6,282.1701,340,315374.9647,88.1868031254512,53.2915360501567
AH-10075,Adam Hart,Corporate,10,281.189,341,315656.1537,88.265430669675,53.448275862069
MS-17770,Maxwell Schwartz,Consumer,9,280.8584,342,315937.0121,88.3439657697914,53.6050156739812
MA-17995,Michelle Arnett,Home Office,6,280.7822,343,316217.7943,88.4224795624639,53.7617554858934
PB-19150,Philip Brown,Consumer,8,280.6606,344,316498.4549,88.500959352706,53.9184952978056
RF-19840,Roy Franz�sisch,Consumer,8,280.0261,345,316778.481,88.5792617207274,54.0752351097179
CA-12265,Christina Anderson,Consumer,9,279.6183,346,317058.0993,88.6574500575722,54.2319749216301
JC-15775,John Castell,Consumer,9,279.5692,347,317337.6685,88.7356246648172,54.3887147335423
BO-11350,Bill Overfelt,Corporate,5,278.777,348,317616.4455,88.8135777529398,54.5454545454545
TT-21220,Thomas Thornton,Consumer,8,278.7371,349,317895.1826,88.8915196840149,54.7021943573668
AA-10375,Allen Armold,Consumer,9,277.3824,350,318172.565,88.9690828067648,54.858934169279
JE-15475,Jeremy Ellison,Consumer,6,276.2197,351,318448.7847,89.0463208092373,55.0156739811912
HE-14800,Harold Engle,Corporate,4,274.4028,352,318723.1875,89.1230507605944,55.1724137931034
KB-16405,Katrina Bavinger,Home Office,3,274.297,353,318997.4845,89.1997511276001,55.3291536050157
MV-18190,Mike Vittorini,Consumer,7,273.8582,354,319271.3427,89.2763287950464,55.4858934169279
PC-18745,Pamela Coakley,Corporate,4,272.685,355,319544.0277,89.3525784061502,55.6426332288401
CB-12415,Christy Brittain,Consumer,8,272.3883,356,319816.416,89.4287450524426,55.7993730407524
HA-14905,Helen Abelman,Consumer,7,270.8574,357,320087.2734,89.5044836204409,55.9561128526646
RK-19300,Ralph Kennedy,Consumer,3,269.688,358,320356.9614,89.5798951946725,56.1128526645768
TB-21355,Todd Boyes,Corporate,5,268.967,359,320625.9284,89.6551051590995,56.269592476489
SP-20650,Stephanie Phelps,Corporate,9,268.4782,360,320894.4066,89.7301784427046,56.4263322884013
TC-21145,Theresa Coyne,Corporate,1,265.5332,361,321159.9398,89.8044282299506,56.5830721003135
AB-10255,Alejandro Ballentine,Home Office,9,264.5675,362,321424.5073,89.8784079830933,56.7398119122257
LS-16975,Lindsay Shagiari,Home Office,9,262.6367,363,321687.144,89.9518478358046,56.8965517241379
EB-13870,Emily Burns,Consumer,10,261.5315,364,321948.6755,90.0249786466905,57.0532915360502
CK-12325,Christine Kargatis,Home Office,5,261.2209,365,322209.8964,90.0980226059739,57.2100313479624
TS-21160,Theresa Swint,Corporate,6,260.8744,366,322470.7708,90.1709696751084,57.3667711598746
SH-20635,Stefanie Holloman,Corporate,2,260.6258,367,322731.3966,90.243847229406,57.5235109717868
TB-21250,Tim Brockman,Consumer,7,260.6155,368,322992.0121,90.3167219035634,57.6802507836991
BT-11395,Bill Tyler,Corporate,6,257.9163,369,323249.9284,90.388841813248,57.8369905956113
KT-16465,Kean Takahito,Consumer,7,254.0032,370,323503.9316,90.4598675213696,57.9937304075235
BC-11125,Becky Castell,Home Office,9,251.5974,371,323755.529,90.5302205070664,58.1504702194357
DK-13150,David Kendrick,Corporate,2,249.9447,372,324005.4737,90.6001113561137,58.307210031348
FM-14215,Filia McAdams,Corporate,10,249.6808,373,324255.1545,90.6699284120578,58.4639498432602
ZD-21925,Zuschuss Donatelli,Consumer,5,249.1307,374,324504.2852,90.7395916461522,58.6206896551724
PR-18880,Patrick Ryan,Consumer,5,247.6226,375,324751.9078,90.8088331774081,58.7774294670846
MS-17710,Maurice Satty,Consumer,6,247.4348,376,324999.3426,90.8780221950422,58.9341692789969
BW-11200,Ben Wallace,Consumer,6,246.9973,377,325246.3399,90.9470888766298,59.0909090909091
ES-14080,Erin Smith,Corporate,9,246.6661,378,325493.006,91.0160629463347,59.2476489028213
CA-12310,Christine Abelman,Corporate,4,246.0218,379,325739.0278,91.0848568534916,59.4043887147335
LS-17200,Luke Schmidt,Corporate,6,244.197,380,325983.2248,91.1531405004935,59.5611285266458
RB-19705,Roger Barcio,Home Office,4,243.0755,381,326226.3003,91.2211105477784,59.717868338558
EH-14185,Evan Henry,Consumer,6,242.1107,382,326468.411,91.2888108126227,59.8746081504702
DP-13000,Darren Powers,Consumer,9,241.4524,383,326709.8634,91.3563270001655,60.0313479623824
EM-14095,Eudokia Martin,Corporate,4,240.2362,384,326950.0996,91.42350310748,60.1880877742947
BS-11665,Brian Stugart,Consumer,3,238.7368,385,327188.8364,91.4902599446958,60.3448275862069
MH-17785,Maya Herman,Corporate,7,238.5614,386,327427.3978,91.5569677356428,60.5015673981191
SC-20380,Shahid Collister,Consumer,9,236.6615,387,327664.0593,91.6231442665787,60.6583072100313
KA-16525,Kelly Andreada,Consumer,7,234.9194,388,327898.9787,91.6888336623678,60.8150470219436
CD-12280,Christina DeMoss,Consumer,2,233.0274,389,328132.0061,91.7539940071852,60.9717868338558
LC-17140,Logan Currie,Consumer,9,231.1252,390,328363.1313,91.8186224488534,61.128526645768
GD-14590,Giulietta Dortch,Corporate,4,230.9373,391,328594.0686,91.8831983489373,61.2852664576803
PB-18805,Patrick Bzostek,Home Office,3,229.2257,392,328823.2943,91.9472956424445,61.4420062695925
SC-20305,Sean Christensen,Consumer,7,229.1617,393,329052.456,92.0113750399357,61.5987460815047
CL-12700,Craig Leslie,Home Office,5,229.0099,394,329281.4659,92.0754119903141,61.7554858934169
JL-15835,John Lee,Consumer,11,228.907,395,329510.3729,92.1394201672543,61.9122257053292
SF-20065,Sandra Flanagan,Consumer,7,228.1623,396,329738.5352,92.2032201072714,62.0689655172414
MK-18160,Mike Kennedy,Consumer,4,227.8338,397,329966.369,92.2669281903941,62.2257053291536
BF-10975,Barbara Fisher,Corporate,7,227.4384,398,330193.8074,92.3305257096932,62.3824451410658
MP-18175,Mike Pelletier,Home Office,9,226.4529,399,330420.2603,92.3938476583092,62.5391849529781
PA-19060,Pete Armstrong,Home Office,6,225.8588,400,330646.1191,92.4570034815645,62.6959247648903
TZ-21580,Tracy Zic,Consumer,4,224.8887,401,330871.0078,92.5198880403655,62.8526645768025
DL-13330,Denise Leinenbach,Consumer,4,222.6812,402,331093.689,92.5821553264287,63.0094043887147
JE-15745,Joel Eaton,Consumer,13,221.7967,403,331315.4857,92.6441752839588,63.166144200627
TS-21655,Trudy Schmidt,Consumer,5,220.9163,404,331536.402,92.7059490594195,63.3228840125392
AB-10165,Alan Barnes,Consumer,8,220.813,405,331757.215,92.767693949592,63.4796238244514
TR-21325,Toby Ritter,Consumer,5,220.3644,406,331977.5794,92.8293133998776,63.6363636363636
PB-19105,Peter B�hler,Consumer,4,218.1597,407,332195.7391,92.8903163603761,63.7931034482759
TC-21535,Tracy Collins,Home Office,7,217.933,408,332413.6721,92.9512559298306,63.9498432601881
NG-18430,Nathan Gelder,Consumer,5,217.0893,409,332630.7614,93.0119595794622,64.1065830721003
FO-14305,Frank Olsen,Consumer,10,215.5969,410,332846.3583,93.0722459163718,64.2633228840125
CM-11815,Candace McMahon,Corporate,6,214.463,411,333060.8213,93.1322151862112,64.4200626959248
DB-12970,Darren Budd,Corporate,5,213.0029,412,333273.8242,93.1917761752242,64.576802507837
MB-17305,Maria Bertelson,Consumer,10,212.425,413,333486.2492,93.2511755688055,64.7335423197492
CA-12055,Cathy Armstrong,Home Office,5,211.2559,414,333697.5051,93.3102480525079,64.8902821316614
MC-17575,Matt Collins,Consumer,8,210.7493,415,333908.2544,93.3691788780591,65.0470219435737
DK-13225,Dean Katz,Corporate,9,209.8994,416,334118.1538,93.4278720501108,65.2037617554859
BP-11050,Barry Pond,Corporate,5,209.783,417,334327.9368,93.4865326737835,65.3605015673981
JL-15175,James Lanier,Home Office,5,209.2817,418,334537.2185,93.5450531213188,65.5172413793103
RE-19450,Richard Eichhorn,Consumer,5,209.2294,419,334746.4479,93.6035589444535,65.6739811912226
CC-12100,Chad Cunningham,Home Office,6,208.5912,420,334955.0391,93.6618863107541,65.8307210031348
RD-19720,Roger Demir,Consumer,10,207.3304,421,335162.3695,93.7198611255404,65.987460815047
BD-11620,Brian DeCherney,Consumer,6,206.7569,422,335369.1264,93.7776755752463,66.1442006269592
JG-15805,John Grady,Corporate,6,206.1019,423,335575.2283,93.8353068704138,66.3009404388715
Co-12640,Corey-Lock,Consumer,5,205.6282,424,335780.8565,93.8928057071008,66.4576802507837
VP-21730,Victor Preis,Home Office,3,205.3888,425,335986.2453,93.9502376015031,66.6144200626959
CA-12775,Cynthia Arntzen,Consumer,7,204.4895,426,336190.7348,94.0074180289186,66.7711598746081
JO-15280,Jas O'Carroll,Consumer,6,202.1362,427,336392.871,94.0639404142351,66.9278996865204
JC-16105,Julie Creighton,Corporate,5,201.5952,428,336594.4662,94.1203115222916,67.0846394984326
JB-16045,Julia Barnett,Home Office,5,201.5185,429,336795.9847,94.1766611830916,67.2413793103448
JJ-15445,Jennifer Jackson,Consumer,5,200.5558,430,336996.5405,94.232741648664,67.3981191222571
SS-20515,Shirley Schmidt,Home Office,3,199.9345,431,337196.475,94.2886483830691,67.5548589341693
DM-13525,Don Miller,Corporate,3,199.7688,432,337396.2438,94.3445087835703,67.7115987460815
SV-20815,Stuart Van,Corporate,4,199.6502,433,337595.894,94.400336020517,67.8683385579937
PS-18970,Paul Stevenson,Home Office,8,198.5099,434,337794.4039,94.4558444007919,68.025078369906
FM-14290,Frank Merwin,Home Office,9,198.1095,435,337992.5134,94.511240819117,68.1818181818182
PF-19165,Philip Fox,Consumer,6,196.8739,436,338189.3873,94.566291732484,68.3385579937304
MC-17605,Matt Connell,Corporate,8,195.4486,437,338384.8359,94.6209440959833,68.4952978056426
CH-12070,Cathy Hwang,Home Office,3,195.1511,438,338579.987,94.6755132709709,68.6520376175549
AM-10360,Alice McCarthy,Corporate,5,194.9878,439,338774.9748,94.7300367831552,68.8087774294671
KT-16480,Kean Thornton,Consumer,10,194.0671,440,338969.0419,94.7843028443726,68.9655172413793
BS-11800,Bryan Spruell,Home Office,2,194.0516,441,339163.0935,94.8385645713985,69.1222570532915
DS-13030,Darrin Sayre,Home Office,4,193.3319,442,339356.4254,94.8926250521326,69.2789968652038
LW-17125,Liz Willingham,Consumer,3,192.6312,443,339549.0566,94.9464895994545,69.435736677116
PN-18775,Parhena Norris,Home Office,8,192.0396,444,339741.0962,95.0001887204789,69.5924764890282
FM-14380,Fred McMath,Consumer,9,191.4898,445,339932.586,95.0537341035412,69.7492163009404
MV-17485,Mark Van Huff,Consumer,9,189.0258,446,340121.6118,95.1065904899893,69.9059561128527
GM-14695,Greg Maxwell,Corporate,3,188.7235,447,340310.3353,95.1593623457245,70.0626959247649
CC-12670,Craig Carreira,Consumer,7,187.8399,448,340498.1752,95.2118871245894,70.2194357366771
HR-14770,Hallie Redmond,Home Office,5,185.5794,449,340683.7546,95.2637798105783,70.3761755485893
CS-11845,Cari Sayre,Corporate,5,185.3776,450,340869.1322,95.3156160681919,70.5329153605016
EB-14110,Eugene Barchas,Consumer,6,184.7656,451,341053.8978,95.367281195153,70.6896551724138
TB-21190,Thomas Brumley,Home Office,4,179.0038,452,341232.9016,95.4173351773526,70.846394984326
MM-17260,Magdelene Morse,Consumer,4,178.402,453,341411.3036,95.4672208810772,71.0031347962382
DB-13660,Duane Benoit,Consumer,7,177.6735,454,341588.9771,95.5169028778078,71.1598746081505
CM-12715,Craig Molinari,Corporate,4,176.3108,455,341765.2879,95.566203829211,71.3166144200627
Dl-13600,Dorris liebe,Corporate,5,175.2388,456,341940.5267,95.6152050223471,71.4733542319749
RH-19600,Rob Haberlin,Consumer,3,172.6261,457,342113.1528,95.6634756385943,71.6300940438871
MG-17890,Michael Granlund,Home Office,9,171.7372,458,342284.89,95.7114976959574,71.7868338557994
MH-18115,Mick Hernandez,Home Office,9,170.9746,459,342455.8646,95.7593065111054,71.9435736677116
DB-13210,Dean Braden,Consumer,10,169.9679,460,342625.8325,95.806833827515,72.1003134796238
CG-12520,Claire Gute,Consumer,3,169.9344,461,342795.7669,95.8543517764787,72.2570532915361
MO-17800,Meg O'Connel,Home Office,8,169.3437,462,342965.1106,95.9017045508076,72.4137931034483
SK-19990,Sally Knutson,Consumer,3,168.7933,463,343133.9039,95.9489034193994,72.5705329153605
JO-15550,Jesus Ocampo,Home Office,5,167.6709,464,343301.5748,95.9957884366113,72.7272727272727
DS-13180,David Smith,Corporate,9,163.6993,465,343465.2741,96.0415628941831,72.884012539185
MR-17545,Mathew Reese,Home Office,4,162.9363,466,343628.2104,96.0871239976897,73.0407523510972
EB-13975,Erica Bern,Corporate,4,162.8781,467,343791.0885,96.1326688270068,73.1974921630094
LE-16810,Laurel Elliston,Consumer,6,161.7649,468,343952.8534,96.1779023774964,73.3542319749216
CT-11995,Carol Triggs,Consumer,8,161.2263,469,344114.0797,96.2229853218267,73.5109717868338
PM-18940,Paul MacIntyre,Consumer,3,157.8768,470,344271.9565,96.2671316613845,73.6677115987461
SB-20170,Sarah Bern,Consumer,3,157.6658,471,344429.6223,96.3112190000147,73.8244514106583
KC-16675,Kimberly Carter,Corporate,4,156.7797,472,344586.402,96.3550585627115,73.9811912225705
CS-12460,Chuck Sachs,Consumer,2,156.2593,473,344742.6613,96.3987526084286,74.1379310344828
JB-15400,Jennifer Braxton,Corporate,10,156.0532,474,344898.7145,96.4423890233818,74.294670846395
AZ-10750,Annie Zypern,Consumer,6,154.9503,475,345053.6648,96.4857170396475,74.4514106583072
CC-12475,Cindy Chapman,Consumer,9,154.851,476,345208.5158,96.529017289126,74.6081504702194
JW-16075,Julia West,Consumer,4,154.0637,477,345362.5795,96.5720973896457,74.7648902821317
AJ-10780,Anthony Jacobs,Corporate,7,150.713,478,345513.2925,96.6142405498426,74.9216300940439
EH-13990,Erica Hackney,Consumer,6,150.3759,479,345663.6684,96.656289448368,75.0783699059561
CB-12025,Cassandra Brandow,Consumer,10,150.2089,480,345813.8773,96.6982916494767,75.2351097178683
LO-17170,Lori Olson,Corporate,5,150.1712,481,345964.0485,96.7402833087135,75.3918495297806
HG-14845,Harry Greene,Consumer,5,147.0032,482,346111.0517,96.7813891151606,75.5485893416928
EP-13915,Emily Phan,Consumer,17,144.9578,483,346256.0095,96.8219229761228,75.705329153605
CR-12625,Corey Roper,Home Office,3,144.7594,484,346400.7689,96.8624013594355,75.8620689655172
SJ-20125,Sanjit Jacobs,Home Office,12,144.1189,485,346544.8878,96.9027006427761,76.0188087774295
CS-12130,Chad Sievert,Consumer,4,143.8339,486,346688.7217,96.9429202329205,76.1755485893417
VG-21790,Vivek Gonzalez,Consumer,6,143.6268,487,346832.3485,96.9830819126759,76.3322884012539
BD-11635,Brian Derr,Consumer,3,141.534,488,346973.8825,97.0226583927095,76.4890282131662
CK-12205,Chloris Kastensmidt,Consumer,13,141.2831,489,347115.1656,97.0621647147681,76.6457680250784
BD-11770,Bryan Davis,Consumer,6,141.265,490,347256.4306,97.1016659756097,76.8025078369906
TP-21565,Tracy Poddar,Corporate,4,139.2287,491,347395.6593,97.1405978355561,76.9592476489028
BE-11455,Brad Eason,Home Office,6,139.2008,492,347534.8601,97.1795218939581,77.115987460815
ML-18040,Michelle Lonsdale,Corporate,3,138.7162,493,347673.5763,97.2183104459643,77.2727272727273
BM-11785,Bryan Mills,Consumer,10,137.7439,494,347811.3202,97.2568271183406,77.4294670846395
PG-18820,Patrick Gardner,Consumer,13,137.4613,495,347948.7815,97.2952647686214,77.5862068965517
GA-14725,Guy Armstrong,Consumer,11,136.7079,496,348085.4894,97.3334917492394,77.7429467084639
AS-10630,Ann Steele,Home Office,7,136.4919,497,348221.9813,97.3716583308036,77.8996865203762
SS-20590,Sonia Sunley,Consumer,6,135.5401,498,348357.5214,97.4095587650555,78.0564263322884
DC-13285,Debra Catini,Consumer,5,132.0682,499,348489.5896,97.4464883684043,78.2131661442006
AB-10015,Aaron Bergman,Consumer,3,129.3465,500,348618.9361,97.4826569157122,78.3699059561129
BT-11485,Brad Thomas,Home Office,2,126.8694,501,348745.8055,97.518132803315,78.5266457680251
JB-16000,Joy Bell-,Consumer,7,126.7649,502,348872.5704,97.5535794700793,78.6833855799373
JK-16120,Julie Kriz,Home Office,10,122.6566,503,348995.227,97.5878773524319,78.8401253918495
MH-17620,Matt Hagelstein,Corporate,4,122.3612,504,349117.5882,97.6220926334859,78.9968652037618
MC-18130,Mike Caudle,Corporate,5,121.7565,505,349239.3447,97.6561388251516,79.153605015674
NK-18490,Neil Knudson,Home Office,7,121.2177,506,349360.5624,97.690034354733,79.3103448275862
BG-11740,Bruce Geld,Consumer,6,119.3479,507,349479.9103,97.7234070410232,79.4670846394984
TC-21475,Tony Chapman,Home Office,9,119.104,508,349599.0143,97.7567115267152,79.6238244514107
MB-18085,Mick Brown,Consumer,7,117.8057,509,349716.82,97.789652974946,79.7805642633229
NB-18655,Nona Balk,Corporate,9,117.6429,510,349834.4629,97.8225489001862,79.9373040752351
HM-14980,Henry MacAllister,Consumer,4,117.2755,511,349951.7384,97.8553420911098,80.0940438871473
JM-15655,Jim Mitchum,Corporate,5,117.204,512,350068.9424,97.8881152888281,80.2507836990596
BD-11560,Brendan Dodson,Home Office,2,116.714,513,350185.6564,97.9207514701743,80.4075235109718
DH-13675,Duane Huffman,Home Office,4,116.667,514,350302.3234,97.9533745091337,80.564263322884
VM-21835,Vivian Mathis,Consumer,5,116.6373,515,350418.9607,97.9859892432232,80.7210031347962
KN-16450,Kean Nguyen,Corporate,5,114.3083,516,350533.269,98.0179527301072,80.8777429467085
CS-12175,Charles Sheldon,Corporate,5,113.1405,517,350646.4095,98.049589670625,81.0344827586207
JM-15580,Jill Matthias,Consumer,5,113.1204,518,350759.5299,98.0812209906752,81.1912225705329
JD-16060,Julia Dunbar,Consumer,3,111.1141,519,350870.644,98.1122912985878,81.3479623824451
BF-11080,Bart Folk,Consumer,3,110.9272,520,350981.5712,98.1433093445414,81.5047021943574
LP-17080,Liz Pelletier,Consumer,4,110.7813,521,351092.3525,98.174286593171,81.6614420062696
DB-13555,Dorothy Badders,Corporate,7,109.327,522,351201.6795,98.2048571828007,81.8181818181818
DM-12955,Dario Medina,Corporate,7,108.7583,523,351310.4378,98.235268749551,81.974921630094
JR-15700,Jocasta Rupert,Consumer,1,107.985,524,351418.4228,98.265464082096,82.1316614420063
KW-16570,Kelly Williams,Consumer,4,107.927,525,351526.3498,98.2956431963767,82.2884012539185
BG-11695,Brooke Gillingham,Corporate,6,107.5715,526,351633.9213,98.3257229038811,82.4451410658307
ME-18010,Michelle Ellison,Corporate,4,107.3604,527,351741.2817,98.3557435824955,82.6018808777429
SV-20935,Susan Vittorini,Consumer,8,106.8912,528,351848.1729,98.3856330609428,82.7586206896552
CS-11860,Cari Schnelling,Consumer,6,105.8275,529,351954.0004,98.4152251020125,82.9153605015674
EG-13900,Emily Grady,Consumer,5,104.2656,530,352058.266,98.4443803964054,83.0721003134796
AY-10555,Andy Yotov,Corporate,4,103.3499,531,352161.6159,98.4732796379574,83.2288401253919
EM-13960,Eric Murdock,Consumer,5,102.296,532,352263.9119,98.5018841824592,83.3855799373041
AT-10435,Alyssa Tate,Home Office,6,100.8768,533,352364.7887,98.5300918828073,83.5423197492163
SC-20575,Sonia Cooley,Consumer,5,100.2253,534,352465.014,98.5581174073054,83.6990595611285
HA-14920,Helen Andreada,Consumer,8,99.1445,535,352564.1585,98.585840712834,83.8557993730408
CV-12805,Cynthia Voltz,Corporate,9,98.9975,536,352663.156,98.6135229134511,84.012539184953
HJ-14875,Heather Jas,Home Office,5,98.6548,537,352761.8108,98.6411092864952,84.1692789968652
JF-15295,Jason Fortune-,Consumer,5,97.289,538,352859.0998,98.6683137473738,84.3260188087774
EK-13795,Eileen Kiefer,Home Office,4,97.1066,539,352956.2064,98.6954672046069,84.4827586206897
EC-14050,Erin Creighton,Consumer,5,96.4256,540,353052.632,98.7224302370452,84.6394984326019
EH-14125,Eugene Hildebrand,Home Office,10,96.2702,541,353148.9022,98.7493498157199,84.7962382445141
SW-20350,Sean Wendt,Home Office,3,95.8383,542,353244.7405,98.7761486242493,84.9529780564263
BM-11575,Brendan Murry,Corporate,6,95.5816,543,353340.3221,98.8028756529773,85.1097178683386
TT-21265,Tim Taslimi,Corporate,3,93.9162,544,353434.2383,98.8291369938151,85.2664576802508
TH-21235,Tiffany House,Corporate,8,92.729,545,353526.9673,98.8550663635569,85.423197492163
CM-12190,Charlotte Melton,Consumer,6,91.2033,546,353618.1706,98.8805691090559,85.5799373040752
KM-16660,Khloe Miller,Consumer,5,91.1391,547,353709.3097,98.9060539026138,85.7366771159875
TD-20995,Tamara Dahlen,Consumer,9,88.1897,548,353797.4994,98.9307139694615,85.8934169278997
LC-17050,Liz Carlisle,Consumer,5,86.778,549,353884.2774,98.9549792893448,86.0501567398119
HH-15010,Hilary Holden,Corporate,2,86.7342,550,353971.0116,98.9792323616422,86.2068965517241
CG-12040,Catherine Glotzbach,Home Office,6,86.5106,551,354057.5222,99.0034229097338,86.3636363636364
NF-18475,Neil Franz�sisch,Home Office,4,85.9278,552,354143.45,99.0274504922301,86.5203761755486
MZ-17335,Maria Zettner,Home Office,4,85.0191,553,354228.4691,99.0512239792623,86.6771159874608
ST-20530,Shui Tom,Consumer,7,84.4419,554,354312.911,99.0748360666008,86.833855799373
MS-17530,MaryBeth Skach,Consumer,4,84.0268,555,354396.9378,99.0983320814982,86.9905956112853
AH-10585,Angele Hood,Consumer,4,83.963,556,354480.9008,99.1218102563047,87.1473354231975
CR-12820,Cyra Reiten,Home Office,3,83.2703,557,354564.1711,99.145094734701,87.3040752351097
MM-17920,Michael Moore,Consumer,11,82.125,558,354646.2961,99.1680589582993,87.4608150470219
ME-17725,Max Engle,Consumer,8,77.8128,559,354724.1089,99.1898173818976,87.6175548589342
RB-19570,Rob Beeghly,Consumer,5,76.8879,560,354800.9968,99.2113171801028,87.7742946708464
CR-12580,Clay Rozendal,Home Office,4,74.4013,561,354875.3981,99.2321216621632,87.9310344827586
RB-19645,Robert Barroso,Corporate,5,72.679,562,354948.0771,99.2524445456566,88.0877742946709
DW-13540,Don Weiss,Consumer,5,69.6672,563,355017.7443,99.2719252538243,88.2445141065831
AG-10390,Allen Goldenen,Consumer,5,69.2784,564,355087.0227,99.291297243695,88.4012539184953
SW-20755,Steven Ward,Corporate,2,68.2416,565,355155.2643,99.3103793181072,88.5579937304075
SJ-20500,Shirley Jackson,Consumer,5,68.0963,566,355223.3606,99.3294207629708,88.7147335423197
AW-10840,Anthony Witt,Consumer,4,65.7725,567,355289.1331,99.34781241468,88.871473354232
AS-10090,Adam Shillingsburg,Consumer,9,64.5374,568,355353.6705,99.3658587012438,89.0282131661442
CM-12445,Chuck Magee,Consumer,3,64.4296,569,355418.1001,99.3838748442057,89.1849529780564
RC-19825,Roy Collins,Consumer,6,63.9914,570,355482.0915,99.4017684553834,89.3416927899686
MH-17440,Mark Haberlin,Corporate,4,61.4286,571,355543.5201,99.4189454429722,89.4984326018809
CY-12745,Craig Yedwab,Corporate,8,60.6467,572,355604.1668,99.4359037915786,89.6551724137931
AJ-10960,Astrea Jones,Consumer,3,60.4265,573,355664.5933,99.4528005667051,89.8119122257053
RP-19270,Rachel Payne,Corporate,4,59.5384,574,355724.1317,99.4694490066477,89.9686520376176
BO-11425,Bobby Odegard,Consumer,2,59.4522,575,355783.5839,99.4860733428938,90.1253918495298
MO-17500,Mary O'Rourke,Consumer,4,59.3577,576,355842.9416,99.5026712545538,90.282131661442
AG-10300,Aleksandra Gannaway,Corporate,4,59.2884,577,355902.23,99.5192497881841,90.4388714733542
LT-16765,Larry Tron,Consumer,3,59.036,578,355961.266,99.5357577444014,90.5956112852665
MM-18280,Muhammed MacIntyre,Corporate,9,58.8916,579,356020.1576,99.5522253227328,90.7523510971787
DA-13450,Dianna Arnett,Home Office,4,56.7904,580,356076.948,99.5681053524903,90.9090909090909
JK-15325,Jason Klamczynski,Corporate,3,55.3277,581,356132.2757,99.5835763743957,91.0658307210031
MS-17980,Michael Stewart,Corporate,6,55.226,582,356187.5017,99.5990189584132,91.2225705329154
JK-15730,Joe Kamberova,Consumer,10,55.0483,583,356242.55,99.614411853024,91.3793103448276
JL-15235,Janet Lee,Consumer,5,54.5174,584,356297.0674,99.6296562945899,91.5360501567398
EH-13945,Eric Hoffmann,Consumer,8,53.5398,585,356350.6072,99.644627374512,91.692789968652
SC-20800,Stuart Calhoun,Consumer,4,51.8252,586,356402.4324,99.6591190089817,91.8495297805643
KB-16315,Karl Braun,Consumer,9,49.7193,587,356452.1517,99.673021780639,92.0062695924765
TS-21430,Tom Stivers,Corporate,5,48.7017,588,356500.8534,99.6866400056426,92.1630094043887
PH-18790,Patricia Hirasaki,Home Office,1,47.8878,589,356548.7412,99.7000306436557,92.3197492163009
AR-10510,Andrew Roberts,Consumer,5,43.6695,590,356592.4107,99.7122417384798,92.4764890282132
ML-18265,Muhammed Lee,Consumer,2,42.6648,591,356635.0755,99.7241718938159,92.6332288401254
EM-14065,Erin Mull,Consumer,4,40.1546,592,356675.2301,99.7354001338512,92.7899686520376
LS-17230,Lycoris Saunders,Consumer,3,39.1952,593,356714.4253,99.7463601014223,92.9467084639498
PO-18850,Patrick O'Brill,Consumer,11,38.4757,594,356752.901,99.7571188786266,93.1034482758621
BN-11470,Brad Norvell,Corporate,4,36.6131,595,356789.5141,99.7673568258415,93.2601880877743
DD-13570,Dorothy Dickinson,Consumer,6,36.4344,596,356825.9485,99.7775448040244,93.4169278996865
GM-14680,Greg Matthias,Consumer,6,35.4865,597,356861.435,99.7874677254335,93.5736677115987
RD-19930,Russell D'Ascenzo,Consumer,4,35.0574,598,356896.4924,99.7972706596481,93.730407523511
JJ-15760,Joel Jenkins,Home Office,2,34.4492,599,356930.9416,99.8069035257861,93.8871473354232
CC-12550,Clay Cheatham,Consumer,3,33.8706,600,356964.8122,99.8163746007549,94.0438871473354
AS-10240,Alan Shonely,Consumer,7,33.7158,601,356998.528,99.825802389735,94.2006269592476
AR-10570,Anemone Ratner,Consumer,1,32.633,602,357031.161,99.8349274004953,94.3573667711599
LW-16825,Laurel Workman,Corporate,5,32.5767,603,357063.7377,99.844036668354,94.5141065830721
GP-14740,Guy Phonely,Corporate,2,31.8376,604,357095.5753,99.8529392651909,94.6708463949843
SC-20845,Sung Chung,Consumer,2,31.1757,605,357126.751,99.8616567780753,94.8275862068966
MH-17290,Marc Harrigan,Home Office,6,28.7612,606,357155.5122,99.8696991357953,94.9843260188088
RM-19750,Roland Murray,Consumer,1,28.6879,607,357184.2001,99.8777209969846,95.141065830721
EL-13735,Ed Ludwig,Home Office,2,27.1154,608,357211.3155,99.8853031474693,95.2978056426332
JD-16015,Joy Daniels,Consumer,6,26.7605,609,357238.076,99.892786058953,95.4545454545455
JH-15820,John Huston,Consumer,6,26.0822,610,357264.1582,99.9000793006302,95.6112852664577
MG-17680,Maureen Gastineau,Home Office,4,25.8886,611,357290.0468,99.907318406859,95.7680250783699
BF-11275,Beth Fritzler,Corporate,3,25.8702,612,357315.917,99.9145523679833,95.9247648902821
NB-18580,Nicole Brennan,Corporate,2,24.7888,613,357340.7058,99.9214839423631,96.0815047021944
FW-14395,Fred Wasserman,Corporate,3,23.4913,614,357364.1971,99.9280527029818,96.2382445141066
PB-19210,Phillip Breyer,Corporate,2,21.897,615,357386.0941,99.9341756570656,96.3949843260188
AS-10135,Adrian Shami,Home Office,2,21.8496,616,357407.9437,99.9402853569126,96.551724137931
EM-14200,Evan Minnotte,Home Office,3,21.7721,617,357429.7158,99.9463733858027,96.7084639498433
JM-15250,Janet Martin,Consumer,6,19.8235,618,357449.5393,99.9519165369321,96.8652037617555
MS-17830,Melanie Seite,Consumer,4,19.4312,619,357468.9705,99.9573499910762,97.0219435736677
LB-16735,Larry Blacks,Consumer,3,18.6507,620,357487.6212,99.9625651977132,97.1786833855799
SP-20920,Susan Pistek,Consumer,6,14.6924,621,357502.3136,99.966673563726,97.3354231974922
EB-13705,Ed Braxton,Corporate,9,13.6215,622,357515.9351,99.9704824790592,97.4921630094044
GG-14650,Greg Guthrie,Corporate,9,12.6985,623,357528.6336,99.9740333002874,97.6489028213166
LH-16750,Larry Hughes,Consumer,3,12.6277,624,357541.2613,99.9775643240479,97.8056426332288
AO-10810,Anthony O'Donnell,Corporate,1,12.096,625,357553.3573,99.9809466710634,97.9623824451411
BB-10990,Barry Blumstein,Corporate,5,11.5839,626,357564.9412,99.9841858219887,98.1191222570533
TS-21505,Tony Sayre,Consumer,6,11.3779,627,357576.3191,99.9873673701126,98.2758620689655
RC-19960,Ryan Crowe,Consumer,6,10.5633,628,357586.8824,99.9903211355085,98.4326018808777
RS-19870,Roy Skaria,Home Office,2,9.5838,629,357596.4662,99.9930010079727,98.58934169279
GB-14530,George Bell,Corporate,11,7.83710000000001,630,357604.3033,99.9951924590139,98.7460815047022
RE-19405,Ricardo Emerson,Consumer,1,6.045,631,357610.3483,99.9968827936459,98.9028213166144
DL-12925,Daniel Lacy,Consumer,6,4.21320000000002,632,357614.5615,99.9980609107462,99.0595611285267
JG-15310,Jason Gross,Corporate,6,3.7976,633,357618.3591,99.999122815593,99.2163009404389
CJ-11875,Carl Jackson,Corporate,1,1.652,634,357620.0111,99.9995847565048,99.3730407523511
EB-13930,Eric Barreto,Consumer,5,0.604200000000006,635,357620.6153,99.9997537060804,99.5297805642633
LD-16855,Lela Donovan,Corporate,1,0.4641,636,357621.0794,99.9998834801586,99.6865203761756
RH-19555,Ritsa Hightower,Consumer,2,0.305700000000001,637,357621.3851,99.9999689615973,99.8432601880878
KS-16300,Karen Seio,Corporate,3,0.110999999999999,638,357621.4961,100.0,100.0
